1642-12-14 09:39:40; trashcan\$ITE5TYG.txt; 102
1642-12-14 09:39:40; trashcan\$ITMVJR4.txt; 102
1642-12-14 09:39:40; trashcan\$IW1WPZX.txt; 102
1642-12-14 09:39:41; trashcan\$I1D6OCR.txt; 108
1642-12-14 09:39:41; trashcan\$I3Y2C18.txt; 108
1642-12-14 09:39:41; trashcan\$IEFXDY8.txt; 108
1642-12-14 09:39:42; trashcan\$I8Q6O5D.txt; 97
1642-12-14 09:39:42; trashcan\$IISFJJQ.txt; 97
1642-12-14 09:39:42; trashcan\$IMU3AKY.txt; 97
1642-12-14 09:39:43; trashcan\$I1MMUNX.txt; 103
1642-12-14 09:39:43; trashcan\$IIENSHP.txt; 103
1642-12-14 09:39:43; trashcan\$IJ9U0RR.txt; 103
1642-12-14 09:39:44; trashcan\$IC04FJS.txt; 123
1642-12-14 09:39:44; trashcan\$IJWBEUE.txt; 123
1642-12-14 09:39:44; trashcan\$IU5E39M.txt; 123
1642-12-14 09:39:45; trashcan\$IM7QAYI.txt; 49
1642-12-14 09:39:45; trashcan\$INU5TNU.txt; 49
1642-12-14 09:39:45; trashcan\$IPD4HRC.txt; 49
1642-12-14 09:39:46; trashcan\$IQQAA2F.txt; 100
1642-12-14 09:39:46; trashcan\$IUSDLBT.txt; 100
1642-12-14 09:39:46; trashcan\$IXEGH08.txt; 100
1642-12-14 09:39:47; trashcan\$I4VJ9VP.txt; 50
1642-12-14 09:39:47; trashcan\$I59AMQZ.txt; 50
1642-12-14 09:39:47; trashcan\$IR2JCOS.txt; 50
1642-12-14 09:39:48; trashcan\$IEYL8JP.txt; 98
1642-12-14 09:39:48; trashcan\$IIYLT3Z.txt; 98
1642-12-14 09:39:48; trashcan\$ITUQ7CQ.txt; 98
1642-12-14 09:39:49; trashcan\$I2ZP91D.txt; 50
1642-12-14 09:39:49; trashcan\$IOYHHQ5.txt; 50
1642-12-14 09:39:49; trashcan\$IPWI3VK.txt; 50
1642-12-14 09:39:50; trashcan\$I2J48PI.txt; 98
1642-12-14 09:39:50; trashcan\$IA88SVT.txt; 98
1642-12-14 09:39:50; trashcan\$IUIEHU7.txt; 98
1642-12-14 09:39:51; trashcan\$I5F20WX.txt; 48
1642-12-14 09:39:51; trashcan\$I9PGBL6.txt; 48
1642-12-14 09:39:51; trashcan\$IDEBQ1M.txt; 48
1642-12-14 09:39:52; trashcan\$IOSGXAZ.txt; 53
1642-12-14 09:39:52; trashcan\$IQPFIEQ.txt; 53
1642-12-14 09:39:52; trashcan\$IYQJIUH.txt; 53
1642-12-14 09:39:53; trashcan\$I3O4FNO.txt; 54
1642-12-14 09:39:53; trashcan\$ISXWEK6.txt; 54
1642-12-14 09:39:53; trashcan\$IZ9EJJK.txt; 54
1642-12-14 09:39:54; trashcan\$I4S3J0O.txt; 55
1642-12-14 09:39:54; trashcan\$I7QCZXB.txt; 55
1642-12-14 09:39:54; trashcan\$IG64RJD.txt; 55
1642-12-14 09:39:55; trashcan\$ID557GC.txt; 49
1642-12-14 09:39:55; trashcan\$IPMSABA.txt; 49
1642-12-14 09:39:55; trashcan\$IS67SUB.txt; 49
1642-12-14 09:39:56; trashcan\$ICVE4M2.txt; 101
1642-12-14 09:39:56; trashcan\$IHE2HRX.txt; 101
1642-12-14 09:39:56; trashcan\$IJUUXYN.txt; 101
1642-12-14 09:39:57; trashcan\$I1WD5RF.txt; 100
1642-12-14 09:39:57; trashcan\$IG8TC80.txt; 100
1642-12-14 09:39:57; trashcan\$IW14HF1.txt; 100
1642-12-14 09:39:58; trashcan\$I90UOKS.txt; 49
1642-12-14 09:39:58; trashcan\$IAZPA8T.txt; 49
1642-12-14 09:39:58; trashcan\$IQ6XS48.txt; 49
1642-12-14 09:39:59; trashcan\$IK9LJEF.txt; 101
1642-12-14 09:39:59; trashcan\$IMZ20SR.txt; 101
1642-12-14 09:39:59; trashcan\$IPDV01V.txt; 101
1642-12-14 09:40:00; trashcan\$I198LLE.txt; 101
1642-12-14 09:40:00; trashcan\$IGUW5S7.txt; 101
1642-12-14 09:40:00; trashcan\$IV05A2U.txt; 101
1642-12-14 09:40:01; trashcan\$I17RAD1.txt; 53
1642-12-14 09:40:01; trashcan\$I6676MD.txt; 53
1642-12-14 09:40:01; trashcan\$IE0RMKA.txt; 53
1642-12-14 09:40:02; trashcan\$I2CVFM2.txt; 56
1642-12-14 09:40:02; trashcan\$IOFYR05.txt; 56
1642-12-14 09:40:02; trashcan\$IWKOHFD.txt; 56
1642-12-14 09:40:03; trashcan\$I01XCGF.txt; 49
1642-12-14 09:40:03; trashcan\$I7UPDZU.txt; 49
1642-12-14 09:40:03; trashcan\$IV6X20I.txt; 49
1642-12-14 09:40:04; trashcan\$I08ZI07.txt; 50
1642-12-14 09:40:04; trashcan\$IL4WLXW.txt; 50
1642-12-14 09:40:04; trashcan\$IWS5CL5.txt; 50
1642-12-14 09:40:05; trashcan\$IFUV73N.txt; 54
1642-12-14 09:40:05; trashcan\$ILD51DG.txt; 54
1642-12-14 09:40:05; trashcan\$IUYP5MU.txt; 54
1642-12-14 09:40:06; trashcan\$I61YGX7.txt; 55
1642-12-14 09:40:06; trashcan\$IL2QDPK.txt; 55
1642-12-14 09:40:06; trashcan\$IZ3RIQE.txt; 55
1642-12-14 09:40:07; trashcan\$IFRUSE0.txt; 56
1642-12-14 09:40:07; trashcan\$IIIY075.txt; 56
1642-12-14 09:40:07; trashcan\$ILRXLH5.txt; 56
1642-12-14 09:40:08; trashcan\$I3B7EP8.txt; 56
1642-12-14 09:40:08; trashcan\$IAKHV8Y.txt; 56
1642-12-14 09:40:08; trashcan\$IOXKN7X.txt; 56
1642-12-14 09:40:09; trashcan\$IKK9TWO.txt; 53
1642-12-14 09:40:09; trashcan\$IUDDG43.txt; 53
1642-12-14 09:40:09; trashcan\$IUQNBS2.txt; 53
1642-12-14 09:40:10; trashcan\$I2FNXOW.txt; 48
1642-12-14 09:40:10; trashcan\$I5HCDNO.txt; 48
1642-12-14 09:40:10; trashcan\$IDWR2DY.txt; 48
1642-12-14 09:40:11; trashcan\$I0AP14L.txt; 100
1642-12-14 09:40:11; trashcan\$I467CFX.txt; 100
1642-12-14 09:40:11; trashcan\$IND6VW0.txt; 100
1642-12-14 09:40:12; trashcan\$I7MXUTD.txt; 53
1642-12-14 09:40:12; trashcan\$IKQ5M0F.txt; 53
1642-12-14 09:40:12; trashcan\$ISBYUOH.txt; 53
1642-12-14 09:40:13; trashcan\$I60PUB8.txt; 101
1642-12-14 09:40:13; trashcan\$IEXEX7I.txt; 101
1642-12-14 09:40:13; trashcan\$ISTAZD1.txt; 101
1642-12-14 09:40:14; trashcan\$I5RPN3M.txt; 51
1642-12-14 09:40:14; trashcan\$I99VSUL.txt; 51
1642-12-14 09:40:14; trashcan\$ILN2HDS.txt; 51
1642-12-14 09:40:15; trashcan\$ING16RB.txt; 50
1642-12-14 09:40:15; trashcan\$IQ9QLU0.txt; 50
1642-12-14 09:40:15; trashcan\$IXWYRKV.txt; 50
1642-12-14 09:40:16; trashcan\$I65140O.txt; 57
1642-12-14 09:40:16; trashcan\$IABA5GX.txt; 57
1642-12-14 09:40:16; trashcan\$IHRXQ2Y.txt; 57
1642-12-14 09:40:17; trashcan\$I4VAGUQ.txt; 125
1642-12-14 09:40:17; trashcan\$IN4C62C.txt; 125
1642-12-14 09:40:17; trashcan\$ITB15DJ.txt; 125
1642-12-14 09:40:18; trashcan\$IO7IO01.txt; 10
1642-12-14 09:40:18; trashcan\$IS4YB00.txt; 10
1642-12-14 09:40:18; trashcan\$IUG82GT.txt; 10